{"cameraMode":{"drawMode":0,"name":"Shaded","section":"Shading Mode"},"sceneLighting":false,"audioPlay":false,"sceneViewState":{"showFog":false,"showMaterialUpdate":false,"showSkybox":false,"showFlares":false,"showImageEffects":false,"showParticleSystems":false},"in2DMode":false,"pivot":{"x":-2.724599599838257,"y":-2.9995956420898439,"z":11.254308700561524},"rotation":{"x":-0.3912108242511749,"y":-0.03808631747961044,"z":0.016207123175263406,"w":-0.9193698167800903},"size":8.295021057128907,"orthographic":false}