{"cameraMode":{"drawMode":0,"name":"Shaded","section":"Shading Mode"},"sceneLighting":true,"audioPlay":false,"sceneViewState":{"showFog":false,"showMaterialUpdate":false,"showSkybox":false,"showFlares":false,"showImageEffects":false,"showParticleSystems":false},"in2DMode":false,"pivot":{"x":85.86425018310547,"y":-27.58162498474121,"z":-45.90789794921875},"rotation":{"x":-0.6239178776741028,"y":0.009843706153333187,"z":-0.00786000955849886,"w":-0.7813884615898132},"size":177.94374084472657,"orthographic":false}