{"cameraMode":{"drawMode":0,"name":"Shaded","section":"Shading Mode"},"sceneLighting":false,"audioPlay":false,"sceneViewState":{"showFog":false,"showMaterialUpdate":false,"showSkybox":false,"showFlares":false,"showImageEffects":false,"showParticleSystems":false},"in2DMode":false,"pivot":{"x":-13.350001335144043,"y":32.650001525878909,"z":0.0},"rotation":{"x":-0.4189428985118866,"y":-0.01035404670983553,"z":0.0047769201919436459,"w":-0.9079410433769226},"size":5.715767860412598,"orthographic":false}