{"cameraMode":{"drawMode":0,"name":"Shaded","section":"Shading Mode"},"sceneLighting":false,"audioPlay":false,"sceneViewState":{"showFog":false,"showMaterialUpdate":false,"showSkybox":false,"showFlares":false,"showImageEffects":false,"showParticleSystems":false},"in2DMode":false,"pivot":{"x":5.364418029785156e-7,"y":-0.9999998807907105,"z":2.384185791015625e-7},"rotation":{"x":-0.43118971586227419,"y":-0.0008146513137035072,"z":0.0003899178118444979,"w":-0.9022608995437622},"size":9.900032997131348,"orthographic":false}